gruntplugin,29021
express,21972
yeoman-generator,21775
css,19978
react,17754
cli,17166
browser,17094
json,16418
http,15360
test,14335
rest,12190
html,12070
template,11807
gulp,11333
generator,11309
plugin,11272
gulpplugin,10712
database,10651
stream,10469
mongodb,9892
angular,9828
testing,9742
browserify,9725
async,9424
grunt,9371
build,9357
parser,9246
middleware,9107
data,8504
ember-addon,8417
app,8268
file,8001
npm,7742
module,7627
nodejs,7595
util,7583
markdown,7463
promise,7233
router,7151
react-component,7098
js,6848
cache,6488
object,6379
connect,6320
mongoose,6215
redis,6132
require,6090
validation,6047
proxy,6028
static,5941
image,5878
log,5802
git,5726
mvc,5663
component,5602
es6,5532
sass,5490
functional,5422
authentication,5370
parse,5289
compiler,5241
utility,5160
model,5125
mongo,5106
bootstrap,5072
coffeescript,5005
request,4993
less,4978
orm,4978
cms,4854
hubot,4852
package,4836
scaffold,4826
jquery,4781
backbone,4723
command,4712
dom,4694
websocket,4693
mysql,4601
mobile,4579
restful,4576
library,4570
modules,4569
event,4564
minify,4536
string,4513
language,4499
documentation,4486
realtime,4429
github,4410
logging,4361
tool,4354
schema,4350
development,4337
templates,4301
REST,4285
array,4188
auth,4142
angularjs,4138
transform,4125
html5,4114
config,4022
socket.io,3988
simple,3970
events,3944
text,3938
console,3907
mocha,3897
url,3820
jade,3813
ui,3793
front-end,3767
mock,3741
queue,3741
xml,3740
db,3726
node.js,3696
commonjs,3657
postgres,3634
view,3600
query,3593
aws,3575
lint,3559
stylus,3545
math,3484
https,3480
cluster,3480
dependency,3477
API,3477
google,3476
deploy,3431
service,3429
nosql,3403
performance,3393
lodash,3393
terminal,3388
i18n,3383
map,3375
svg,3320
promises,3320
routing,3312
search,3305
logger,3300
koa,3298
application,3294
webpack,3280
process,3240
cordova,3237
sql,3234
compile,3224
engine,3211
validate,3208
handlebars,3200
fs,3177
templating,3136
task,3125
validator,3115
sync,3099
shell,3091
graph,3090
blog,3077
fis,3072
email,3062
flow,3044
loader,3036
hapi,3034
cloud,3023
class,2994
nodebb,2981
flux,2933
convert,2858
error,2856
code,2854
wrapper,2847
passport,2834
date,2832
color,2830
utils,2823
bundle,2809
time,2802
filter,2783
tools,2768
typescript,2705
path,2685
bower,2660
requirejs,2649
style,2649
asynchronous,2646
store,2642
watch,2638
ajax,2611
rpc,2604
storage,2600
ember,2593
utilities,2582
assets,2580
builder,2580
amd,2576
hubot-scripts,2570
JSON,2563
leveldb,2530
generate,2526
oauth,2515
buffer,2503
boilerplate,2494
couchdb,2488
underscore,2474
socket,2469
editor,2468
hash,2467
streaming,2460
files,2457
render,2450
s3,2446
bdd,2440
phantomjs,2434
check,2432
content,2420
bitcoin,2407
configuration,2392
format,2386
ast,2386
sails,2384
streams,2383
game,2382
canvas,2322
tree,2317
upload,2315
manager,2315
dependencies,2300
route,2295
debug,2289
yeoman,2286
theme,2277
crypto,2262
docs,2255
website,2255
form,2255
ender,2245
scss,2245
assert,2243
twitter,2242
security,2220
postgresql,2195
compress,2192
random,2187
remote,2185
management,2182
webrtc,2182
amazon,2163
video,2162
audio,2114
version,2109
list,2105
animation,2103
apostrophe,2099
coffee,2082
automation,2071
reload,2069
selenium,2069
control,2069
png,2068
live,2064
monitor,2046
type,2041
input,2018
sdk,2013
monitoring,1998
function,1995
ios,1990
line,1989
bot,1984
directory,1980
binary,1965
isomorphic,1954
webgl,1939
system,1939
controller,1928
publish,1914
websockets,1914
deployment,1914
message,1901
unit,1891
harmony,1879
docker,1862
tdd,1858
jasmine,1853
protocol,1825
jsx,1819
jshint,1813
reactive,1801
optimize,1801
injection,1799
session,1797
diff,1778
responsive,1778
helper,1773
callback,1763
syntax,1757
download,1755
oocss,1753
analytics,1744
coverage,1719
media,1706
translate,1700
preprocessor,1696
appcelerator,1694
regex,1687
number,1684
script,1676
network,1675
facebook,1666
frontend,1660
distributed,1656
transpiler,1655
components,1645
site,1644
android,1643
resource,1641
extend,1641
csv,1637
asset,1631
workflow,1620
pubsub,1619
reactjs,1619
runner,1613
MVC,1613
pdf,1611
dev,1610
table,1609
grid,1607
pg,1596
metrics,1592
CSS,1590
ecmascript,1586
memory,1581
inheritance,1578
music,1576
stats,1573
adapter,1567
mixin,1566
fast,1563
mustache,1561
emitter,1561
document,1558
helpers,1545
statistics,1543
webdriver,1541
parallel,1538
karma-plugin,1534
tests,1519
eslint,1514
font,1513
project,1512
interface,1509
tcp,1505
tasks,1493
chat,1492
jquery-plugin,1486
forms,1482
xmpp,1467
phonegap,1452
source,1440
yaml,1438
slushgenerator,1437
native,1433
user,1425
doc,1421
modular,1421
push,1413
prototype,1411
postcss,1408
odm,1403
messaging,1399
load,1397
irc,1397
levelup,1397
internationalization,1392
stack,1391
DOM,1385
pipeline,1380
mimosa,1378
registry,1374
local,1368
layout,1364
level,1356
uglify,1355
sprite,1354
jsdoc,1351
gulpfriendly,1346
lodash-modularized,1346
localization,1340
command line,1335
parsing,1329
pattern,1320
concat,1316
worker,1313
titanium,1313
copy,1312
collection,1310
images,1306
authorization,1306
install,1299
import,1295
routes,1295
regexp,1294
spec,1293
coffee-script,1292
geojson,1286
subscribe,1285
JavaScript,1284
themes,1281
exec,1278
babel,1272
extract,1271
tap,1271
environment,1268
password,1268
datastore,1267
recursive,1267
key,1264
pipe,1262
find,1261
glob,1258
wordpress,1258
ecosystem:cordova,1256
filesystem,1255
torrent,1254
windows,1252
identity,1248
calendar,1244
polyfill,1239
p2p,1237
azure,1234
response,1233
karma,1225
merge,1219
analysis,1219
chrome,1212
converter,1212
ssh,1207
sqlite,1205
state,1203
img,1201
design,1196
update,1196
watchify,1194
php,1191
livereload,1191
export,1188
domain,1180
spawn,1178
read,1176
mmodule,1175
docpad,1171
graphics,1170
swagger,1168
di,1168
uupaa,1165
visualization,1162
sails.js,1157
replace,1150
example,1146
resize,1144
oauth2,1143
AMD,1138
stub,1137
node-red,1136
make,1134
colors,1132
reporter,1130
client-side,1129
touch,1127
l10n,1125
docpad-plugin,1125
assemble,1120
extension,1120
atom,1119
authn,1118
index,1117
transpile,1116
sort,1108
driver,1107
vector,1106
broccoli-plugin,1100
nunjucks,1096
match,1094
scraper,1093
integration,1092
history,1091
widget,1079
WebModule,1077
binding,1065
machines,1063
base64,1062
token,1059
bin,1058
assertion,1048
docparse,1048
virtual,1045
